<?xml version="1.0"?>
<Runs Version="1" Minor="0">
	<Run Id="outputBuffer_synth_1" LaunchDir="E:/Sobel verilog/SpatialFilter-master/ip/imageProcessing.runs/outputBuffer_synth_1" FlowId="Vivado_Synthesis" FromStepId="vivado" ToStepId="vivado"/>
	<Run Id="impl_2" LaunchDir="E:/Sobel verilog/SpatialFilter-master/ip/imageProcessing.runs/impl_2" FlowId="Vivado_Implementation" FromStepId="init_design" ToStepId="route_design">
		<Parent Id="outputBuffer_synth_1"/>
	</Run>
	<Parameters>
		<Parameter Name="runs.monitorLSFJobs" Val="true" Type="bool"/>
		<Parameter Name="runs.enableClusterConf" Val="true" Type="bool"/>
		<Parameter Name="general.shortenLongPath" Val="true" Type="bool"/>
	</Parameters>
	<ProductInfo Name="vivado"/>
</Runs>

