<?xml version="1.0" encoding="UTF-8"?>
<GenRun Id="impl_2" LaunchPart="xczu7ev-ffvc1156-2-e" LaunchTime="1714970698">
  <File Type="ROUTE-PWR" Name="imageProcessTop_power_routed.rpt"/>
  <File Type="PA-TCL" Name="imageProcessTop.tcl"/>
  <File Type="ROUTE-PWR-SUM" Name="imageProcessTop_power_summary_routed.pb"/>
  <File Type="REPORTS-TCL" Name="imageProcessTop_reports.tcl"/>
  <File Type="OPT-RQA-PB" Name="imageProcessTop_rqa_opted.pb"/>
  <File Type="BITSTR-MMI" Name="imageProcessTop.mmi"/>
  <File Type="OPT-METHODOLOGY-DRC" Name="imageProcessTop_methodology_drc_opted.rpt"/>
  <File Type="INIT-TIMING" Name="imageProcessTop_timing_summary_init.rpt"/>
  <File Type="OPT-TIMING" Name="imageProcessTop_timing_summary_opted.rpt"/>
  <File Type="OPT-DCP" Name="imageProcessTop_opt.dcp"/>
  <File Type="OPT-DRC" Name="imageProcessTop_drc_opted.rpt"/>
  <File Type="OPT-HWDEF" Name="imageProcessTop.hwdef"/>
  <File Type="PWROPT-DCP" Name="imageProcessTop_pwropt.dcp"/>
  <File Type="PWROPT-DRC" Name="imageProcessTop_drc_pwropted.rpt"/>
  <File Type="PWROPT-TIMING" Name="imageProcessTop_timing_summary_pwropted.rpt"/>
  <File Type="PLACE-DCP" Name="imageProcessTop_placed.dcp"/>
  <File Type="PLACE-IO" Name="imageProcessTop_io_placed.rpt"/>
  <File Type="PLACE-CLK" Name="imageProcessTop_clock_utilization_placed.rpt"/>
  <File Type="PLACE-UTIL" Name="imageProcessTop_utilization_placed.rpt"/>
  <File Type="PLACE-UTIL-PB" Name="imageProcessTop_utilization_placed.pb"/>
  <File Type="PLACE-CTRL" Name="imageProcessTop_control_sets_placed.rpt"/>
  <File Type="PLACE-SIMILARITY" Name="imageProcessTop_incremental_reuse_placed.rpt"/>
  <File Type="PLACE-PRE-SIMILARITY" Name="imageProcessTop_incremental_reuse_pre_placed.rpt"/>
  <File Type="BG-BIN" Name="imageProcessTop.bin"/>
  <File Type="PLACE-TIMING" Name="imageProcessTop_timing_summary_placed.rpt"/>
  <File Type="ROUTE-PWR-RPX" Name="imageProcessTop_power_routed.rpx"/>
  <File Type="PLACE-RQA-PB" Name="imageProcessTop_rqa_placed.pb"/>
  <File Type="POSTPLACE-PWROPT-DCP" Name="imageProcessTop_postplace_pwropt.dcp"/>
  <File Type="BITSTR-MSK" Name="imageProcessTop.msk"/>
  <File Type="POSTPLACE-PWROPT-TIMING" Name="imageProcessTop_timing_summary_postplace_pwropted.rpt"/>
  <File Type="PHYSOPT-DCP" Name="imageProcessTop_physopt.dcp"/>
  <File Type="PHYSOPT-DRC" Name="imageProcessTop_drc_physopted.rpt"/>
  <File Type="BITSTR-RBT" Name="imageProcessTop.rbt"/>
  <File Type="PHYSOPT-TIMING" Name="imageProcessTop_timing_summary_physopted.rpt"/>
  <File Type="ROUTE-ERROR-DCP" Name="imageProcessTop_routed_error.dcp"/>
  <File Type="ROUTE-DCP" Name="imageProcessTop_routed.dcp"/>
  <File Type="ROUTE-BLACKBOX-DCP" Name="imageProcessTop_routed_bb.dcp"/>
  <File Type="ROUTE-DRC" Name="imageProcessTop_drc_routed.rpt"/>
  <File Type="ROUTE-DRC-PB" Name="imageProcessTop_drc_routed.pb"/>
  <File Type="ROUTE-DRC-RPX" Name="imageProcessTop_drc_routed.rpx"/>
  <File Type="ROUTE-METHODOLOGY-DRC" Name="imageProcessTop_methodology_drc_routed.rpt"/>
  <File Type="ROUTE-METHODOLOGY-DRC-RPX" Name="imageProcessTop_methodology_drc_routed.rpx"/>
  <File Type="ROUTE-METHODOLOGY-DRC-PB" Name="imageProcessTop_methodology_drc_routed.pb"/>
  <File Type="ROUTE-RQS-PB" Name="imageProcessTop_rqs_routed.pb"/>
  <File Type="ROUTE-STATUS" Name="imageProcessTop_route_status.rpt"/>
  <File Type="ROUTE-STATUS-PB" Name="imageProcessTop_route_status.pb"/>
  <File Type="ROUTE-TIMINGSUMMARY" Name="imageProcessTop_timing_summary_routed.rpt"/>
  <File Type="ROUTE-TIMING-PB" Name="imageProcessTop_timing_summary_routed.pb"/>
  <File Type="ROUTE-TIMING-RPX" Name="imageProcessTop_timing_summary_routed.rpx"/>
  <File Type="ROUTE-SIMILARITY" Name="imageProcessTop_incremental_reuse_routed.rpt"/>
  <File Type="ROUTE-CLK" Name="imageProcessTop_clock_utilization_routed.rpt"/>
  <File Type="ROUTE-BUS-SKEW" Name="imageProcessTop_bus_skew_routed.rpt"/>
  <File Type="ROUTE-BUS-SKEW-PB" Name="imageProcessTop_bus_skew_routed.pb"/>
  <File Type="ROUTE-BUS-SKEW-RPX" Name="imageProcessTop_bus_skew_routed.rpx"/>
  <File Type="POSTROUTE-PHYSOPT-DCP" Name="imageProcessTop_postroute_physopt.dcp"/>
  <File Type="POSTROUTE-PHYSOPT-BLACKBOX-DCP" Name="imageProcessTop_postroute_physopt_bb.dcp"/>
  <File Type="POSTROUTE-PHYSOPT-TIMING" Name="imageProcessTop_timing_summary_postroute_physopted.rpt"/>
  <File Type="POSTROUTE-PHYSOPT-TIMING-PB" Name="imageProcessTop_timing_summary_postroute_physopted.pb"/>
  <File Type="POSTROUTE-PHYSOPT-TIMING-RPX" Name="imageProcessTop_timing_summary_postroute_physopted.rpx"/>
  <File Type="POSTROUTE-PHYSOPT-BUS-SKEW" Name="imageProcessTop_bus_skew_postroute_physopted.rpt"/>
  <File Type="BG-BIT" Name="imageProcessTop.bit"/>
  <File Type="POSTROUTE-PHYSOPT-BUS-SKEW-PB" Name="imageProcessTop_bus_skew_postroute_physopted.pb"/>
  <File Type="POSTROUTE-PHYSOPT-BUS-SKEW-RPX" Name="imageProcessTop_bus_skew_postroute_physopted.rpx"/>
  <File Type="BITSTR-NKY" Name="imageProcessTop.nky"/>
  <File Type="BITSTR-BMM" Name="imageProcessTop_bd.bmm"/>
  <File Type="PDI-FILE" Name="imageProcessTop.pdi"/>
  <File Type="BOOT-PDI-FILE" Name="imageProcessTop_boot.pdi"/>
  <File Type="PL-PDI-FILE" Name="imageProcessTop_pld.pdi"/>
  <File Type="RCFI_FILE" Name="imageProcessTop.rcfi"/>
  <File Type="CFI_FILE" Name="imageProcessTop.cfi"/>
  <File Type="RNPI_FILE" Name="imageProcessTop.rnpi"/>
  <File Type="NPI_FILE" Name="imageProcessTop.npi"/>
  <File Type="RBD_FILE" Name="imageProcessTop.rbd"/>
  <File Type="BITSTR-LTX" Name="debug_nets.ltx"/>
  <File Type="BITSTR-LTX" Name="imageProcessTop.ltx"/>
  <File Type="BITSTR-SYSDEF" Name="imageProcessTop.sysdef"/>
  <File Type="BG-BGN" Name="imageProcessTop.bgn"/>
  <File Type="BG-DRC" Name="imageProcessTop.drc"/>
  <File Type="RDI-RDI" Name="imageProcessTop.vdi"/>
  <File Type="WBT-USG" Name="usage_statistics_webtalk.html"/>
  <File Type="ROUTE-RQS" Name="imageProcessTop_routed.rqs"/>
  <File Type="POSTROUTE-PHYSOPT-RQS" Name="imageProcessTop_postroute_physopted.rqs"/>
  <File Type="ROUTE-RQS-RPT" Name="route_report_qor_suggestions_0.rpt"/>
  <File Type="POSTROUTE-PHYSOPT-RQS-RPT" Name="postroute_physopt_report_qor_suggestions_0.rpt"/>
  <FileSet Name="sources" Type="DesignSrcs" RelSrcDir="$PSRCDIR/sources_1" RelGenDir="$PGENDIR/sources_1">
    <Filter Type="Srcs"/>
    <File Path="$PSRCDIR/sources_1/new/conv.v">
      <FileInfo>
        <Attr Name="UsedIn" Val="synthesis"/>
        <Attr Name="UsedIn" Val="implementation"/>
        <Attr Name="UsedIn" Val="simulation"/>
      </FileInfo>
    </File>
    <File Path="$PSRCDIR/sources_1/new/imageControl.v">
      <FileInfo>
        <Attr Name="UsedIn" Val="synthesis"/>
        <Attr Name="UsedIn" Val="implementation"/>
        <Attr Name="UsedIn" Val="simulation"/>
      </FileInfo>
    </File>
    <File Path="$PSRCDIR/sources_1/new/lineBuffer.v">
      <FileInfo>
        <Attr Name="UsedIn" Val="synthesis"/>
        <Attr Name="UsedIn" Val="implementation"/>
        <Attr Name="UsedIn" Val="simulation"/>
      </FileInfo>
    </File>
    <File Path="$PSRCDIR/sources_1/new/imageProcessTop.v">
      <FileInfo>
        <Attr Name="UsedIn" Val="synthesis"/>
        <Attr Name="UsedIn" Val="implementation"/>
        <Attr Name="UsedIn" Val="simulation"/>
      </FileInfo>
    </File>
    <File Path="$PPRDIR/component.xml">
      <FileInfo SFType="IPXACT"/>
    </File>
    <Config>
      <Option Name="DesignMode" Val="RTL"/>
      <Option Name="TopModule" Val="imageProcessTop"/>
    </Config>
  </FileSet>
  <FileSet Name="constrs_in" Type="Constrs" RelSrcDir="$PSRCDIR/constrs_1" RelGenDir="$PGENDIR/constrs_1">
    <Filter Type="Constrs"/>
    <Config>
      <Option Name="ConstrsType" Val="XDC"/>
    </Config>
  </FileSet>
  <FileSet Name="utils" Type="Utils" RelSrcDir="$PSRCDIR/utils_1" RelGenDir="$PGENDIR/utils_1">
    <Filter Type="Utils"/>
    <File Path="$PSRCDIR/utils_1/imports/synth_1/synth_1_copy_1/imageProcessTop.dcp">
      <FileInfo>
        <Attr Name="UsedIn" Val="synthesis"/>
        <Attr Name="UsedIn" Val="implementation"/>
        <Attr Name="UsedInSteps" Val="synth_1_copy_1"/>
        <Attr Name="AutoDcp" Val="1"/>
      </FileInfo>
    </File>
    <Config>
      <Option Name="TopAutoSet" Val="TRUE"/>
    </Config>
  </FileSet>
  <Strategy Version="1" Minor="2">
    <StratHandle Name="Vivado Implementation Defaults" Flow="Vivado Implementation 2023"/>
    <Step Id="init_design"/>
    <Step Id="opt_design"/>
    <Step Id="power_opt_design"/>
    <Step Id="place_design"/>
    <Step Id="post_place_power_opt_design"/>
    <Step Id="phys_opt_design"/>
    <Step Id="route_design"/>
    <Step Id="post_route_phys_opt_design"/>
    <Step Id="write_bitstream"/>
  </Strategy>
  <BlockFileSet Type="BlockSrcs" Name="outputBuffer"/>
</GenRun>
