<?xml version="1.0" encoding="UTF-8"?>
<GenRun Id="outputBuffer_synth_1" LaunchPart="xczu7ev-ffvc1156-2-e" LaunchTime="1714016453">
  <File Type="PA-TCL" Name="outputBuffer.tcl"/>
  <File Type="REPORTS-TCL" Name="outputBuffer_reports.tcl"/>
  <File Type="RDS-RDS" Name="outputBuffer.vds"/>
  <File Type="RDS-UTIL" Name="outputBuffer_utilization_synth.rpt"/>
  <File Type="RDS-UTIL-PB" Name="outputBuffer_utilization_synth.pb"/>
  <File Type="RDS-DCP" Name="outputBuffer.dcp"/>
  <FileSet Name="sources" Type="BlockSrcs" RelSrcDir="$PSRCDIR/outputBuffer" RelGenDir="$PGENDIR/outputBuffer">
    <File Path="$PSRCDIR/sources_1/ip/outputBuffer/outputBuffer.xci">
      <FileInfo>
        <Attr Name="UsedIn" Val="synthesis"/>
        <Attr Name="UsedIn" Val="implementation"/>
        <Attr Name="UsedIn" Val="simulation"/>
      </FileInfo>
    </File>
    <Config>
      <Option Name="TopModule" Val="outputBuffer"/>
      <Option Name="UseBlackboxStub" Val="1"/>
    </Config>
  </FileSet>
  <FileSet Name="constrs_in" Type="BlockSrcs" RelSrcDir="$PSRCDIR/outputBuffer" RelGenDir="$PGENDIR/outputBuffer">
    <File Path="$PSRCDIR/sources_1/ip/outputBuffer/outputBuffer.xci">
      <FileInfo>
        <Attr Name="UsedIn" Val="synthesis"/>
        <Attr Name="UsedIn" Val="implementation"/>
        <Attr Name="UsedIn" Val="simulation"/>
      </FileInfo>
    </File>
    <Config>
      <Option Name="TopModule" Val="outputBuffer"/>
      <Option Name="UseBlackboxStub" Val="1"/>
    </Config>
  </FileSet>
  <FileSet Name="utils" Type="Utils" RelSrcDir="$PSRCDIR/utils_1" RelGenDir="$PGENDIR/utils_1">
    <Filter Type="Utils"/>
    <Config>
      <Option Name="TopAutoSet" Val="TRUE"/>
    </Config>
  </FileSet>
  <Strategy Version="1" Minor="2">
    <StratHandle Name="Vivado Synthesis Defaults" Flow="Vivado Synthesis 2023"/>
    <Step Id="synth_design"/>
  </Strategy>
</GenRun>
